{"cameraMode":{"drawMode":0,"name":"Shaded","section":"Shading Mode"},"sceneLighting":true,"audioPlay":false,"sceneViewState":{"showFog":true,"showMaterialUpdate":false,"showSkybox":true,"showFlares":true,"showImageEffects":true,"showParticleSystems":true},"in2DMode":false,"pivot":{"x":-1.7823442220687867,"y":-4.659017562866211,"z":-1.7391045093536378},"rotation":{"x":0.006260002963244915,"y":0.8148143291473389,"z":-0.5796268582344055,"w":0.00880178902298212},"size":6.245556354522705,"orthographic":false}