{"cameraMode":{"drawMode":0,"name":"Shaded","section":"Shading Mode"},"sceneLighting":true,"audioPlay":false,"sceneViewState":{"showFog":false,"showMaterialUpdate":false,"showSkybox":false,"showFlares":false,"showImageEffects":false,"showParticleSystems":false},"in2DMode":false,"pivot":{"x":0.10776519775390625,"y":-4.64879846572876,"z":3.48014497756958},"rotation":{"x":-0.2635086476802826,"y":0.6244614720344544,"z":-0.2363397777080536,"w":-0.6962475180625916},"size":9.513921737670899,"orthographic":false}