{"cameraMode":{"drawMode":0,"name":"Shaded","section":"Shading Mode"},"sceneLighting":true,"audioPlay":false,"sceneViewState":{"showFog":true,"showMaterialUpdate":false,"showSkybox":true,"showFlares":true,"showImageEffects":true,"showParticleSystems":true},"in2DMode":false,"pivot":{"x":-2.890730857849121,"y":-5.228020668029785,"z":-2.171288251876831},"rotation":{"x":-0.24253538250923158,"y":0.7296543121337891,"z":-0.31957095861434939,"w":-0.553764820098877},"size":11.208733558654786,"orthographic":false}