{"cameraMode":{"drawMode":0,"name":"Shaded","section":"Shading Mode"},"sceneLighting":true,"audioPlay":false,"sceneViewState":{"showFog":true,"showMaterialUpdate":false,"showSkybox":true,"showFlares":true,"showImageEffects":true,"showParticleSystems":true},"in2DMode":false,"pivot":{"x":1.6705355644226075,"y":-12.038703918457032,"z":-10.316350936889649},"rotation":{"x":0.008149786852300167,"y":-0.919389009475708,"z":0.39284181594848635,"w":0.019023872911930085},"size":13.636932373046875,"orthographic":false}