{"cameraMode":{"drawMode":0,"name":"Shaded","section":"Shading Mode"},"sceneLighting":true,"audioPlay":false,"sceneViewState":{"showFog":true,"showMaterialUpdate":true,"showSkybox":false,"showFlares":true,"showImageEffects":true,"showParticleSystems":true},"in2DMode":false,"pivot":{"x":4.405372142791748,"y":0.11382293701171875,"z":-0.09562744200229645},"rotation":{"x":-0.4304969608783722,"y":0.5653864145278931,"z":-0.45007237792015078,"w":-0.5408301949501038},"size":11.728583335876465,"orthographic":false}