{"cameraMode":{"drawMode":0,"name":"Shaded","section":"Shading Mode"},"sceneLighting":true,"audioPlay":false,"sceneViewState":{"showFog":true,"showMaterialUpdate":false,"showSkybox":true,"showFlares":true,"showImageEffects":true,"showParticleSystems":true},"in2DMode":false,"pivot":{"x":-1.2951297760009766,"y":-6.252704620361328,"z":0.6713247895240784},"rotation":{"x":-0.4196763038635254,"y":0.5634638667106628,"z":-0.4033771753311157,"w":-0.5862321853637695},"size":14.973274230957032,"orthographic":false}